date,place,opponent_1,opponent_2,opponent_1_estimated_punch_power,opponent_2_estimated_punch_power,opponent_1_estimated_punch_resistance,opponent_2_estimated_punch_resistance,opponent_1_estimated_ability_to_take_punch,opponent_2_estimated_ability_to_take_punch,opponent_1_rounds_boxed,opponent_2_rounds_boxed,opponent_1_round_ko_percentage,opponent_2_round_ko_percentage,opponent_1_has_been_ko_percentage,opponent_2_has_been_ko_percentage,opponent_1_avg_weight,opponent_2_avg_weight,verdict,opponent_1_name_clean,opponent_2_name_clean,opponent_1_name,opponent_1_wins,opponent_1_looses,opponent_1_draws,opponent_1_ko_rate,opponent_1_stance,opponent_1_age,opponent_1_height,opponent_1_reach,opponent_1_country,opponent_2_name,opponent_2_wins,opponent_2_looses,opponent_2_draws,opponent_2_ko_rate,opponent_2_stance,opponent_2_age,opponent_2_height,opponent_2_reach,opponent_2_country,opponent_1_verdict,opponent_2_verdict
31 August 2019,Unknown,Vasyl Lomachenko ,Luke Campbell,72,72,73.9,60.5,78.0,73.0,119,130.0,8.4,12.31,0.0,0.0,127.11,135.24,Lomachenko won via UD in round 12,vasyl lomachenko,luke campbell,vasyl lomachenko,14.0,2.0,0.0,62.5%,Southpaw,34,5.51 ft (1.68 m),65.35 inches (166 cm),Ukraine,luke campbell,20.0,3.0,0.0,66.7%,Southpaw,34.0,5.74 ft (1.75 m),70.87 inches (180 cm),United Kingdom,WON,LOSS
19 September 2019,Unknown,Orlando Fiordigiglio ,Sam Eggington,59,59,55.4,54.5,68.0,66.0,200,177.0,6.5,8.47,3.03,6.25,152.5,148.93,Eggington won via KO in round 2,orlando fiordigiglio,sam eggington,,20.0,4.0,1.0,42%,Southpaw,34,5.9 ft (1.75 m),115.5 inches (293 cm),Unknown,sam eggington,28.0,7.0,0.0,48.6%,Orthodox,28.0,5.91 ft (1.80 m),Unknown,United Kingdom,LOSS,WON
5 October 2019,Unknown,Gennady Golovkin ,Sergiy Derevyanchenko,82,82,68.0,63.3,84.0,75.0,200,81.0,17.5,12.35,0.0,0.0,159.66,164.04,Golovkin won via UD in round 12,gennady golovkin,sergiy derevyanchenko,gennady golovkin,41.0,1.0,1.0,83.7%,Orthodox,40,5.87 ft (1.79 m),70.08 inches (178 cm),Kazakhstan,sergiy derevyanchenko,13.0,2.0,0.0,66.7%,Orthodox,36.0,5.58 ft (1.70 m),67.32 inches (171 cm),United States,WON,LOSS
12 October 2019,Unknown,Chazz Witherspoon ,Oleksandr Usyk,69,69,59.6,68.9,79.0,80.0,182,125.0,15.93,9.6,4.76,9.4,292.71,200.1,Usyk won via RTD in round 7,chazz witherspoon,oleksandr usyk,,33.0,4.0,1.0,72%,Orthodox,30,5.9 ft (1.75 m),115.5 inches (293 cm),United States,oleksandr usyk,18.0,0.0,0.0,72.2%,Southpaw,35.0,6.23 ft (1.90 m),Unknown,Ukraine,LOSS,WON
27 September 2019,Unknown,Ebenezer Tetteh ,Daniel Dubois,46,46,69.8,44.4,50.0,69.0,38,39.0,23.68,30.77,0.0,0.0,178.67,230.38,Dubois won via TKO in round 1,ebenezer tetteh,daniel dubois,ebenezer tetteh,9.0,1.0,0.0,90%,Unknown,Unknown,Unknown,Unknown,Ghana,daniel dubois,15.0,1.0,0.0,87.5%,Orthodox,25.0,6.36 ft (1.94 m),Unknown,United Kingdom,LOSS,WON
28 September 2019,Unknown,Shawn Porter ,Errol Spence Jr,66,66,63.8,62.3,80.0,77.0,219,108.0,7.76,19.44,0.0,0.0,152.53,148.47,Spence Jr won via SD in round 12,shawn porter,errol spence jr,shawn porter,30.0,3.0,1.0,48.6%,Orthodox,34,5.58 ft (1.70 m),69.69 inches (177 cm),United States,errol spence jr,26.0,0.0,0.0,77.8%,Orthodox,32.0,5.84 ft (1.78 m),72.05 inches (183 cm),United States,LOSS,WON
13 September 2019,Unknown,Zaur Abdullaev ,Devin Haney,64,64,58.4,47.0,72.0,73.0,60,110.0,8.33,12.73,0.0,0.0,0.0,0.0,Haney won via RTD in round 4,zaur abdullaev,devin haney,Zaur Abdullaev,8.0,1.0,0.0,50%,Orthodox,28,5.74 ft (1.75 m),Unknown,Unknown,Devin Haney,24.0,0.0,0.0,57.7%,Orthodox,23.0,Unknown,Unknown,United States,LOSS,WON
14 September 2019,Unknown,Tyson Fury ,Otto Wallin,72,72,66.5,57.4,86.0,77.0,174,90.0,11.49,14.44,0.0,0.0,247.5,240.54,Fury won via UD in round 12,tyson fury,otto wallin,tyson fury,30.0,0.0,1.0,65.6%,Orthodox,34,6.76 ft (2.06 m),85.04 inches (216 cm),United Kingdom,otto wallin,20.0,1.0,0.0,56.5%,Southpaw,31.0,6.46 ft (1.97 m),77.95 inches (198 cm),Sweden,WON,LOSS
31 August 2019,Unknown,Alexander Povetkin ,Hughie Fury,74,74,72.6,60.0,81.0,77.0,231,130.0,10.39,10.0,2.78,13.4,235.57,235.4,Povetkin won via UD in round 12,alexander povetkin,hughie fury,alexander povetkin,36.0,2.0,1.0,62.5%,Orthodox,42,6.17 ft (1.88 m),75.20 inches (191 cm),Russian Federation,hughie fury,24.0,3.0,0.0,51.9%,Orthodox,27.0,6.50 ft (1.98 m),Unknown,United Kingdom,WON,LOSS
18 October 2019,Unknown,Artur Beterbiev ,Oleksandr Gvozdyk,88,88,68.4,67.5,81.0,78.0,52,88.0,26.92,15.91,0.0,0.0,178.65,174.95,Beterbiev won via TKO in round 10,artur beterbiev,oleksandr gvozdyk,artur beterbiev,15.0,0.0,0.0,93.8%,Orthodox,37,6.04 ft (1.84 m),72.83 inches (185 cm),Russian Federation,oleksandr gvozdyk,17.0,1.0,0.0,77.8%,Unknown,35.0,6.17 ft (1.88 m),75.59 inches (192 cm),Ukraine,WON,LOSS
26 October 2019,Unknown,Regis Prograis ,Josh Taylor,78,78,57.9,54.4,79.0,75.0,98,79.0,20.41,16.46,0.0,0.0,142.75,97.3,Taylor won via MD in round 12,regis prograis,josh taylor,regis prograis,24.0,1.0,0.0,76.9%,Southpaw,33,5.68 ft (1.73 m),Unknown,United States,Josh Taylor,17.0,0.0,0.0,76.5%,Southpaw,31.0,5.84 ft (1.78 m),69.69 inches (177 cm),United Kingdom,LOSS,WON
19 October 2019,Unknown,Ted Cheesman ,Scott Fitzgerald,66,66,50.9,42.9,64.0,60.0,103,59.0,8.74,15.25,0.0,0.0,68.3,153.5,Fitzgerald won via UD in round 12,ted cheesman,scott fitzgerald,ted cheesman,16.0,2.0,1.0,47.4%,Orthodox,Unknown,Unknown,Unknown,United Kingdom,Scott Fitzgerald,14.0,0.0,0.0,64.3%,Orthodox,30.0,Unknown,Unknown,United Kingdom,LOSS,WON
26 October 2019,Unknown,Dereck Chisora ,David Price,65,65,63.9,65.6,78.0,70.0,252,105.0,8.73,18.1,7.5,20.69,238.35,246.75,Chisora won via TKO in round 4,dereck chisora,david price,dereck chisora,32.0,10.0,0.0,54.8%,Orthodox,38,6.14 ft (1.87 m),74.02 inches (188 cm),United Kingdom,david price,23.0,7.0,0.0,63.3%,Orthodox,39.0,6.66 ft (2.03 m),81.89 inches (208 cm),United Kingdom,WON,LOSS
9 November 2019,Unknown,Olajide William Olatunji ,Logan Paul,0,0,0.0,0.0,0.0,0.0,0,0.0,0.0,0.0,0.0,0.0,0.0,0.0,Olatunji won via SD in round 6,olajide william olatunji,logan paul,,33.0,2.0,2.0,45%,Orthodox,34,5.9 ft (1.75 m),115.5 inches (293 cm),Unknown,,32.0,2.0,2.0,67%,Orthodox,37.0,5.9 ft (1.75 m),115.5 inches (293 cm),Unknown,WON,LOSS
22 November 2019,Unknown,Kieran Gething ,Jeff Ofori,51,51,51.7,67.7,53.0,74.0,74,180.0,2.7,74.3,0.0,0.0,0.0,0.0,Draw - 10 round SD decision,kieran gething,jeff ofori,,33.0,0.0,1.0,36%,Southpaw,27,5.9 ft (1.75 m),115.5 inches (293 cm),Unknown,,38.0,2.0,1.0,48%,Southpaw,26.0,5.9 ft (1.75 m),115.5 inches (293 cm),Unknown,DRAW,DRAW
2 November 2019,Unknown,Sergey Kovalev ,Saul Alvarez,78,78,61.3,60.7,78.0,85.0,173,391.0,16.76,8.95,5.26,19.4,174.99,153.27,Alvarez won via KO in round 11,sergey kovalev,saul alvarez,sergey kovalev,34.0,4.0,1.0,72.5%,Orthodox,39,6.00 ft (1.83 m),72.44 inches (184 cm),Russian Federation,Saul Alvarez,54.0,1.0,2.0,63.2%,Orthodox,32.0,5.74 ft (1.75 m),70.47 inches (179 cm),Mexico,LOSS,WON
22 November 1986,Unknown,Mike Tyson ,Trevor Berbick,82,82,56.8,60.4,80.0,82.0,74,253.0,33.78,72.4,30.0,2.78,355.57,213.29,Tyson won via TKO in round 2,mike tyson,trevor berbick,mike tyson,50.0,6.0,0.0,74.6%,Orthodox,56,5.84 ft (1.78 m),70.87 inches (180 cm),United States,trevor berbick,49.0,11.0,1.0,54.1%,Orthodox,68.0,6.17 ft (1.88 m),77.95 inches (198 cm),Canada,WON,LOSS
30 October 1974,Unknown,George Foreman ,Muhammad Ali,83,83,61.6,70.6,81.0,87.0,120,365.0,30.83,71.0,0.0,0.0,213.42,201.63,Ali won via KO in round 8,george foreman,muhammad ali,george foreman,76.0,5.0,0.0,84%,Orthodox,73,6.30 ft (1.92 m),78.35 inches (199 cm),United States,muhammad ali,56.0,5.0,0.0,60.7%,Orthodox,80.0,6.27 ft (1.91 m),77.95 inches (198 cm),United States,LOSS,WON
26 July 1986,Unknown,Mike Tyson ,Marvis Frazier,82,82,54.5,58.1,79.0,76.0,61,106.0,36.07,66.9,10.7,5.88,342.78,405.34,Tyson won via TKO in round 1,mike tyson,marvis frazier,mike tyson,50.0,6.0,0.0,74.6%,Orthodox,56,5.84 ft (1.78 m),70.87 inches (180 cm),United States,,39.0,1.0,0.0,66%,Orthodox,32.0,5.9 ft (1.75 m),115.5 inches (293 cm),Unknown,WON,LOSS
6 April 1987,Unknown,Sugar Ray Leonard ,Marvin Hagler,73,73,66.9,62.0,82.0,89.0,244,386.0,9.84,13.47,0.0,0.0,151.51,177.35,Leonard won via SD in round 12,sugar ray leonard,marvin hagler,sugar ray leonard,36.0,3.0,1.0,62.5%,Orthodox,66,5.84 ft (1.78 m),74.02 inches (188 cm),United States,marvin hagler,62.0,3.0,2.0,77.6%,Southpaw,68.0,5.81 ft (1.77 m),75.20 inches (191 cm),United States,WON,LOSS
27 June 1988,Unknown,Mike Tyson ,Michael Spinks,83,83,61.8,65.3,82.0,83.0,119,225.0,25.21,9.33,0.0,0.0,369.29,321.86,Tyson won via KO in round 1,mike tyson,michael spinks,mike tyson,50.0,6.0,0.0,74.6%,Orthodox,56,5.84 ft (1.78 m),70.87 inches (180 cm),United States,michael spinks,31.0,1.0,0.0,65.6%,Orthodox,66.0,6.20 ft (1.89 m),75.98 inches (193 cm),United States,WON,LOSS
5 December 2008,Unknown,Raul Pinzon ,Saul Alvarez,70,70,39.6,41.1,72.0,71.0,60,129.0,25.0,11.63,0.0,0.0,149.6,156.18,Alvarez won via TKO in round 1,raul pinzon,saul alvarez,,12.0,4.0,2.0,76%,Southpaw,33,5.9 ft (1.75 m),115.5 inches (293 cm),Unknown,Saul Alvarez,54.0,1.0,2.0,63.2%,Orthodox,32.0,5.74 ft (1.75 m),70.47 inches (179 cm),Mexico,LOSS,WON
20 April 2002,Unknown,Jose Luis Castillo ,Floyd Mayweather Jr,79,79,50.9,61.0,75.0,80.0,230,154.0,17.83,12.99,8.0,5.9,180.4,130.9,Mayweather Jr won via UD in round 12,jose luis castillo,floyd mayweather jr,jose luis castillo,66.0,13.0,1.0,71.3%,Orthodox,48,5.61 ft (1.71 m),68.90 inches (175 cm),Mexico,floyd mayweather jr,50.0,0.0,0.0,52.9%,Orthodox,45.0,5.68 ft (1.73 m),72.05 inches (183 cm),United States,LOSS,WON
6 December 2008,Unknown,Bela Gyongyosi ,Tyson Fury,45,45,52.1,77.7,43.0,61.7,56,244.0,1.79,72.7,28.57,38.1,182.69,66.3,Fury won via TKO in round 1,bela gyongyosi,tyson fury,,34.0,4.0,1.0,51%,Southpaw,26,5.9 ft (1.75 m),115.5 inches (293 cm),Unknown,tyson fury,30.0,0.0,1.0,65.6%,Orthodox,34.0,6.76 ft (2.06 m),85.04 inches (216 cm),United Kingdom,LOSS,WON
16 March 1996,Unknown,Frank Bruno ,Mike Tyson,82,82,69.7,65.0,78.0,86.0,167,161.0,22.75,22.98,9.09,31.2,432.86,391.47,Tyson won via TKO in round 3,frank bruno,mike tyson,frank bruno,40.0,5.0,0.0,84.4%,Orthodox,60,6.27 ft (1.91 m),81.89 inches (208 cm),United Kingdom,mike tyson,50.0,6.0,0.0,74.6%,Orthodox,56.0,5.84 ft (1.78 m),70.87 inches (180 cm),United States,LOSS,WON
28 February 2009,Unknown,Daniil Peretyatko ,Tyson Fury,48,48,49.1,51.5,70.0,58.0,190,207.0,82.2,50.0,14.29,35.4,272.7,246.75,Fury won via RTD in round 2,daniil peretyatko,tyson fury,,22.0,0.0,0.0,79%,Orthodox,35,5.9 ft (1.75 m),115.5 inches (293 cm),Unknown,tyson fury,30.0,0.0,1.0,65.6%,Orthodox,34.0,6.76 ft (2.06 m),85.04 inches (216 cm),United Kingdom,LOSS,WON
17 January 2009,Unknown,Saul Alvarez ,Antonio Fitch,67,67,42.4,26.7,76.0,50.0,130,42.0,12.31,23.81,0.0,0.0,155.67,142.28,Alvarez won via TKO in round 1,saul alvarez,antonio fitch,Saul Alvarez,54.0,1.0,2.0,63.2%,Orthodox,32,5.74 ft (1.75 m),70.47 inches (179 cm),Mexico,,18.0,2.0,1.0,64%,Orthodox,36.0,5.9 ft (1.75 m),115.5 inches (293 cm),Unknown,WON,LOSS
11 April 2009,Unknown,Mathew Ellis ,Tyson Fury,54,54,56.6,58.8,61.0,60.0,113,221.0,71.6,40.0,22.22,37.5,402.4,247.95,Fury won via KO in round 1,mathew ellis,tyson fury,,37.0,3.0,0.0,41%,Southpaw,29,5.9 ft (1.75 m),115.5 inches (293 cm),Unknown,tyson fury,30.0,0.0,1.0,65.6%,Orthodox,34.0,6.76 ft (2.06 m),85.04 inches (216 cm),United Kingdom,LOSS,WON
6 March 2009,Unknown,Deontay Wilder ,Shannon Gray,77,77,32.0,50.0,50.0,50.0,2,4.0,50.0,55.5,0.0,0.0,201.8,661.5,Wilder won via TKO in round 1,deontay wilder,shannon gray,deontay wilder,42.0,1.0,1.0,93.2%,Orthodox,36,6.56 ft (2.00 m),83.07 inches (211 cm),United States,,23.0,1.0,2.0,37%,Orthodox,32.0,5.9 ft (1.75 m),115.5 inches (293 cm),Unknown,WON,LOSS
24 April 2009,Unknown,Joseph Rabotte ,Deontay Wilder,56,56,48.1,27.3,88.1,50.0,18,132.0,65.2,75.0,62.5,11.5,272.5,266.43,Wilder won via KO in round 1,joseph rabotte,deontay wilder,,14.0,1.0,2.0,55%,Orthodox,28,5.9 ft (1.75 m),115.5 inches (293 cm),Unknown,deontay wilder,42.0,1.0,1.0,93.2%,Orthodox,36.0,6.56 ft (2.00 m),83.07 inches (211 cm),United States,LOSS,WON
23 May 2009,Unknown,Scott Belshaw ,Tyson Fury,63,63,49.7,59.0,56.0,63.0,38,11.0,18.42,45.45,0.0,0.0,235.48,249.06,Fury won via TKO in round 2,scott belshaw,tyson fury,,22.0,1.0,2.0,44%,Southpaw,36,5.9 ft (1.75 m),115.5 inches (293 cm),Unknown,tyson fury,30.0,0.0,1.0,65.6%,Orthodox,34.0,6.76 ft (2.06 m),85.04 inches (216 cm),United Kingdom,LOSS,WON
26 June 2009,Unknown,Deontay Wilder ,Kelsey Arnold,80,80,28.2,48.8,51.0,41.0,6,19.0,83.33,75.2,36.6,20.0,258.66,239.56,Wilder won via KO in round 1,deontay wilder,kelsey arnold,deontay wilder,42.0,1.0,1.0,93.2%,Orthodox,36,6.56 ft (2.00 m),83.07 inches (211 cm),United States,,24.0,0.0,1.0,45%,Orthodox,30.0,5.9 ft (1.75 m),115.5 inches (293 cm),Unknown,WON,LOSS
14 August 2009,Unknown,Travis Allen ,Deontay Wilder,62,62,32.1,29.3,35.0,51.0,18,7.0,55.9,85.71,28.57,28.3,307.97,254.38,Wilder won via TKO in round 1,travis allen,deontay wilder,,21.0,3.0,2.0,48%,Southpaw,28,5.9 ft (1.75 m),115.5 inches (293 cm),Unknown,deontay wilder,42.0,1.0,1.0,93.2%,Orthodox,36.0,6.56 ft (2.00 m),83.07 inches (211 cm),United States,LOSS,WON
15 September 2009,Unknown,Carlos Leonardo Herrera ,Saul Alvarez,57,57,49.0,46.4,62.0,81.0,116,163.0,6.9,12.88,0.0,0.0,148.8,153.77,Alvarez won via TKO in round 1,carlos leonardo herrera,saul alvarez,,14.0,4.0,1.0,43%,Southpaw,32,5.9 ft (1.75 m),115.5 inches (293 cm),Unknown,Saul Alvarez,54.0,1.0,2.0,63.2%,Orthodox,32.0,5.74 ft (1.75 m),70.47 inches (179 cm),Mexico,LOSS,WON
5 March 2010,Unknown,Tyson Fury ,Hans-Joerg Blasko,75,75,58.9,28.0,67.0,49.0,32,34.0,21.88,17.65,32.4,25.0,247.92,236.3,Fury won via TKO in round 1,tyson fury,hans-joerg blasko,tyson fury,30.0,0.0,1.0,65.6%,Orthodox,34,6.76 ft (2.06 m),85.04 inches (216 cm),United Kingdom,,19.0,4.0,1.0,58%,Orthodox,26.0,5.9 ft (1.75 m),115.5 inches (293 cm),Unknown,WON,LOSS
26 May 2012,Unknown,Jesse Oltmanns ,Deontay Wilder,58,58,34.3,49.2,55.0,67.0,40,35.0,17.5,60.0,8.33,18.1,337.93,244.08,Wilder won via TKO in round 1,jesse oltmanns,deontay wilder,,36.0,2.0,1.0,43%,Southpaw,34,5.9 ft (1.75 m),115.5 inches (293 cm),Unknown,deontay wilder,42.0,1.0,1.0,93.2%,Orthodox,36.0,6.56 ft (2.00 m),83.07 inches (211 cm),United States,LOSS,WON
26 November 2011,Unknown,Deontay Wilder ,David Long,89,89,47.2,40.6,67.0,54.0,30,46.0,63.33,85.7,12.6,7.14,246.43,276.56,Wilder won via KO in round 1,deontay wilder,david long,deontay wilder,42.0,1.0,1.0,93.2%,Orthodox,36,6.56 ft (2.00 m),83.07 inches (211 cm),United States,,10.0,3.0,1.0,45%,Orthodox,31.0,5.9 ft (1.75 m),115.5 inches (293 cm),Unknown,WON,LOSS
8 September 2012,Unknown,Damon Mccreary ,Deontay Wilder,73,73,44.7,52.1,60.0,71.0,41,40.0,24.39,60.0,0.0,0.0,177.41,243.21,Wilder won via KO in round 2,damon mccreary,deontay wilder,,34.0,0.0,1.0,83%,Southpaw,26,5.9 ft (1.75 m),115.5 inches (293 cm),Unknown,deontay wilder,42.0,1.0,1.0,93.2%,Orthodox,36.0,6.56 ft (2.00 m),83.07 inches (211 cm),United States,LOSS,WON
5 October 2013,Unknown,Emanuele Leo ,Anthony Joshua,63,63,53.6,74.6,51.0,76.5,31,91.0,9.68,57.1,0.0,0.0,202.25,77.0,Joshua won via TKO in round 1,emanuele leo,anthony joshua,,32.0,0.0,2.0,84%,Orthodox,38,5.9 ft (1.75 m),115.5 inches (293 cm),Unknown,anthony joshua,24.0,1.0,0.0,88%,Orthodox,32.0,6.50 ft (1.98 m),82.01 inches (208.3 cm),United Kingdom,LOSS,WON
15 December 2012,Unknown,Deontay Wilder ,Kelvin Price,89,89,52.7,43.7,71.0,66.0,42,53.0,59.52,75.8,0.0,0.0,243.98,250.62,Wilder won via KO in round 3,deontay wilder,kelvin price,deontay wilder,42.0,1.0,1.0,93.2%,Orthodox,36,6.56 ft (2.00 m),83.07 inches (211 cm),United States,,15.0,4.0,2.0,67%,Southpaw,26.0,5.9 ft (1.75 m),115.5 inches (293 cm),Unknown,WON,LOSS
26 October 2013,Unknown,Paul Butlin ,Anthony Joshua,46,46,52.6,46.0,62.0,50.0,167,82.0,81.0,100.0,24.24,25.4,314.36,230.5,Joshua won via TKO in round 2,paul butlin,anthony joshua,,15.0,0.0,2.0,48%,Southpaw,31,5.9 ft (1.75 m),115.5 inches (293 cm),Unknown,anthony joshua,24.0,1.0,0.0,88%,Orthodox,32.0,6.50 ft (1.98 m),82.01 inches (208.3 cm),United Kingdom,LOSS,WON
14 November 2013,Unknown,Hrvoje Kisicek ,Anthony Joshua,48,48,46.6,53.5,48.0,51.0,46,84.0,70.1,66.67,9.09,32.1,215.82,233.15,Joshua won via TKO in round 2,hrvoje kisicek,anthony joshua,,13.0,3.0,0.0,44%,Orthodox,30,5.9 ft (1.75 m),115.5 inches (293 cm),Unknown,anthony joshua,24.0,1.0,0.0,88%,Orthodox,32.0,6.50 ft (1.98 m),82.01 inches (208.3 cm),United Kingdom,LOSS,WON
24 November 2013,Unknown,Andy Ruiz Jr ,Tor Hamer,73,73,45.5,51.3,72.0,72.0,67,67.0,20.9,20.9,24.1,4.35,254.07,228.01,Ruiz Jr won via RTD in round 3,andy ruiz jr,tor hamer,andy ruiz jr,33.0,2.0,0.0,62.9%,Orthodox,32,6.17 ft (1.88 m),74.02 inches (188 cm),Mexico,,29.0,1.0,0.0,80%,Orthodox,36.0,5.9 ft (1.75 m),115.5 inches (293 cm),Unknown,WON,LOSS
1 March 2014,Unknown,Hector Alfredo Avila ,Anthony Joshua,60,60,59.1,48.3,65.0,51.0,178,80.0,57.5,57.14,28.95,16.0,277.59,231.7,Joshua won via KO in round 1,hector alfredo avila,anthony joshua,,30.0,3.0,1.0,43%,Orthodox,27,5.9 ft (1.75 m),115.5 inches (293 cm),Unknown,anthony joshua,24.0,1.0,0.0,88%,Orthodox,32.0,6.50 ft (1.98 m),82.01 inches (208.3 cm),United Kingdom,LOSS,WON
1 February 2014,Unknown,Dorian Darch ,Anthony Joshua,50,50,52.1,50.3,46.0,51.0,33,215.0,75.4,60.0,11.11,2.1,235.89,228.6,Joshua won via TKO in round 2,dorian darch,anthony joshua,,28.0,2.0,1.0,51%,Orthodox,35,5.9 ft (1.75 m),115.5 inches (293 cm),Unknown,anthony joshua,24.0,1.0,0.0,88%,Orthodox,32.0,6.50 ft (1.98 m),82.01 inches (208.3 cm),United Kingdom,LOSS,WON
31 May 2014,Unknown,Matt Legg ,Anthony Joshua,55,55,47.1,51.4,46.0,54.0,27,8.0,65.4,62.5,22.22,39.1,322.42,231.36,Joshua won via KO in round 1,matt legg,anthony joshua,,26.0,0.0,0.0,41%,Orthodox,28,5.9 ft (1.75 m),115.5 inches (293 cm),Unknown,anthony joshua,24.0,1.0,0.0,88%,Orthodox,32.0,6.50 ft (1.98 m),82.01 inches (208.3 cm),United Kingdom,LOSS,WON
12 July 2014,Unknown,Matt Skelton ,Anthony Joshua,67,67,62.3,49.8,73.0,54.0,197,74.0,85.1,66.67,11.11,38.7,359.76,230.72,Joshua won via TKO in round 2,matt skelton,anthony joshua,,11.0,4.0,2.0,55%,Southpaw,38,5.9 ft (1.75 m),115.5 inches (293 cm),Unknown,anthony joshua,24.0,1.0,0.0,88%,Orthodox,32.0,6.50 ft (1.98 m),82.01 inches (208.3 cm),United Kingdom,LOSS,WON
13 September 2014,Unknown,Konstantin Airich ,Anthony Joshua,66,66,60.3,53.0,72.0,58.0,153,240.0,76.2,63.64,12.5,21.5,233.99,231.9,Joshua won via TKO in round 3,konstantin airich,anthony joshua,,36.0,2.0,0.0,63%,Southpaw,37,5.9 ft (1.75 m),115.5 inches (293 cm),Unknown,anthony joshua,24.0,1.0,0.0,88%,Orthodox,32.0,6.50 ft (1.98 m),82.01 inches (208.3 cm),United Kingdom,LOSS,WON
11 October 2014,Unknown,Denis Bakhtov ,Anthony Joshua,63,63,54.7,55.3,78.0,63.0,264,216.0,55.8,57.14,8.51,22.5,232.26,231.08,Joshua won via TKO in round 2,denis bakhtov,anthony joshua,,22.0,0.0,2.0,62%,Southpaw,30,5.9 ft (1.75 m),115.5 inches (293 cm),Unknown,anthony joshua,24.0,1.0,0.0,88%,Orthodox,32.0,6.50 ft (1.98 m),82.01 inches (208.3 cm),United Kingdom,LOSS,WON
22 November 2014,Unknown,Michael Sprott ,Anthony Joshua,57,57,62.6,57.7,77.0,67.0,357,243.0,64.9,56.25,18.75,29.7,237.0,230.73,Joshua won via TKO in round 1,michael sprott,anthony joshua,,11.0,2.0,2.0,68%,Orthodox,32,5.9 ft (1.75 m),115.5 inches (293 cm),Unknown,anthony joshua,24.0,1.0,0.0,88%,Orthodox,32.0,6.50 ft (1.98 m),82.01 inches (208.3 cm),United Kingdom,LOSS,WON
4 April 2015,Unknown,Jason Gavern ,Anthony Joshua,55,55,60.6,59.6,80.0,69.0,267,65.0,83.1,58.82,18.37,32.9,236.42,231.96,Joshua won via KO in round 3,jason gavern,anthony joshua,jason gavern,27.0,21.0,4.0,23.1%,Orthodox,45,6.17 ft (1.88 m),75.98 inches (193 cm),United States,anthony joshua,24.0,1.0,0.0,88%,Orthodox,32.0,6.50 ft (1.98 m),82.01 inches (208.3 cm),United Kingdom,LOSS,WON
30 May 2015,Unknown,Kevin Johnson ,Anthony Joshua,60,60,63.6,62.7,82.0,72.0,227,40.0,64.6,54.55,0.0,0.0,292.87,233.3,Joshua won via TKO in round 2,kevin johnson,anthony joshua,,36.0,0.0,1.0,82%,Southpaw,28,5.9 ft (1.75 m),115.5 inches (293 cm),Unknown,anthony joshua,24.0,1.0,0.0,88%,Orthodox,32.0,6.50 ft (1.98 m),82.01 inches (208.3 cm),United Kingdom,LOSS,WON
9 May 2015,Unknown,Raphael Zumbano Love ,Anthony Joshua,65,65,42.6,61.4,78.0,69.0,230,149.0,63.4,55.0,6.38,13.0,224.61,233.05,Joshua won via TKO in round 2,raphael zumbano love,anthony joshua,,39.0,1.0,2.0,56%,Southpaw,33,5.9 ft (1.75 m),115.5 inches (293 cm),Unknown,anthony joshua,24.0,1.0,0.0,88%,Orthodox,32.0,6.50 ft (1.98 m),82.01 inches (208.3 cm),United Kingdom,LOSS,WON
9 May 2015,Unknown,Saul Alvarez ,James Kirkland,72,72,57.2,57.8,83.0,78.0,310,110.0,10.0,25.45,24.3,3.03,152.59,206.32,Alvarez won via KO in round 3,saul alvarez,james kirkland,Saul Alvarez,54.0,1.0,2.0,63.2%,Orthodox,32,5.74 ft (1.75 m),70.47 inches (179 cm),Mexico,,24.0,0.0,2.0,51%,Orthodox,28.0,5.9 ft (1.75 m),115.5 inches (293 cm),Unknown,WON,LOSS
12 September 2015,Unknown,Gary Cornish ,Anthony Joshua,63,63,56.8,64.0,70.0,72.0,93,151.0,74.4,54.17,0.0,0.0,225.49,234.2,Joshua won via TKO in round 1,gary cornish,anthony joshua,,26.0,1.0,2.0,70%,Orthodox,37,5.9 ft (1.75 m),115.5 inches (293 cm),Unknown,anthony joshua,24.0,1.0,0.0,88%,Orthodox,32.0,6.50 ft (1.98 m),82.01 inches (208.3 cm),United Kingdom,LOSS,WON
7 November 2015,Unknown,Callum Smith ,Rocky Fielding,77,77,59.6,55.8,63.0,72.0,64,88.0,18.75,13.64,0.0,0.0,169.11,170.0,Smith won via TKO in round 1,callum smith,rocky fielding,callum smith,27.0,1.0,0.0,67.9%,Orthodox,32,6.27 ft (1.91 m),Unknown,United Kingdom,rocky fielding,28.0,2.0,0.0,53.3%,Orthodox,35.0,Unknown,Unknown,United Kingdom,WON,LOSS
26 September 2015,Unknown,Andy Ruiz Jr ,Joell Godfrey,73,73,49.8,51.5,75.0,85.0,83,178.0,20.48,77.0,37.1,6.25,251.09,209.94,Ruiz Jr won via UD in round 8,andy ruiz jr,joell godfrey,andy ruiz jr,33.0,2.0,0.0,62.9%,Orthodox,32,6.17 ft (1.88 m),74.02 inches (188 cm),Mexico,,23.0,4.0,0.0,74%,Orthodox,30.0,5.9 ft (1.75 m),115.5 inches (293 cm),Unknown,WON,LOSS
28 November 2015,Unknown,Tyson Fury ,Wladimir Klitschko,74,74,64.8,72.4,77.0,85.0,134,346.0,13.43,15.32,21.5,4.48,249.05,234.75,Fury won via UD in round 12,tyson fury,wladimir klitschko,tyson fury,30.0,0.0,1.0,65.6%,Orthodox,34,6.76 ft (2.06 m),85.04 inches (216 cm),United Kingdom,wladimir klitschko,64.0,5.0,0.0,76.8%,Orthodox,46.0,6.50 ft (1.98 m),81.10 inches (206 cm),Ukraine,WON,LOSS
12 December 2015,Unknown,Dillian Whyte ,Anthony Joshua,75,75,54.3,64.3,72.0,73.0,44,25.0,29.55,56.0,0.0,0.0,225.84,235.76,Joshua won via TKO in round 7,dillian whyte,anthony joshua,dillian whyte,27.0,2.0,0.0,58.1%,Orthodox,34,Unknown,Unknown,United Kingdom,anthony joshua,24.0,1.0,0.0,88%,Orthodox,32.0,6.50 ft (1.98 m),82.01 inches (208.3 cm),United Kingdom,LOSS,WON
20 August 2016,Unknown,Shakur Stevenson ,Robeisy Ramirez Carrazana,0,0,0.0,0.0,0.0,0.0,0,0.0,0.0,0.0,0.0,0.0,0.0,0.0,Unknown Result,shakur stevenson,robeisy ramirez carrazana,shakur stevenson,14.0,0.0,0.0,43.8%,Southpaw,25,5.68 ft (1.73 m),68.11 inches (173 cm),United States,,20.0,2.0,2.0,60%,Orthodox,38.0,5.9 ft (1.75 m),115.5 inches (293 cm),Unknown,DRAW,DRAW
7 May 2016,Unknown,Amir Khan ,Saul Alvarez,70,70,65.7,58.3,78.0,84.0,203,325.0,9.36,9.85,5.88,15.8,137.97,152.66,Alvarez won via KO in round 6,amir khan,saul alvarez,amir khan,34.0,5.0,0.0,53.8%,Orthodox,35,5.71 ft (1.74 m),70.87 inches (180 cm),United Kingdom,Saul Alvarez,54.0,1.0,2.0,63.2%,Orthodox,32.0,5.74 ft (1.75 m),70.47 inches (179 cm),Mexico,LOSS,WON
23 April 2016,Unknown,Dominic Wade ,Gennady Golovkin,70,70,54.6,65.7,67.0,82.0,60,151.0,20.0,20.53,0.0,0.0,162.48,159.66,Golovkin won via KO in round 2,dominic wade,gennady golovkin,,27.0,4.0,1.0,70%,Southpaw,34,5.9 ft (1.75 m),115.5 inches (293 cm),Unknown,gennady golovkin,41.0,1.0,1.0,83.7%,Orthodox,40.0,5.87 ft (1.79 m),70.08 inches (178 cm),Kazakhstan,LOSS,WON
25 June 2016,Unknown,Anthony Joshua ,Dominic Breazeale,87,87,65.4,54.0,78.0,78.0,34,57.0,47.06,26.32,0.0,0.0,237.04,237.83,Joshua won via TKO in round 7,anthony joshua,dominic breazeale,anthony joshua,24.0,1.0,0.0,88%,Orthodox,32,6.50 ft (1.98 m),82.01 inches (208.3 cm),United Kingdom,dominic breazeale,20.0,2.0,0.0,81.8%,Orthodox,36.0,6.53 ft (1.99 m),81.10 inches (206 cm),United States,WON,LOSS
21 August 2016,Unknown,Robeisy Ramirez Carrazana ,Tony Yoka,0,0,50.0,64.2,50.0,88.4,3,120.0,0.0,0.0,0.0,0.0,0.0,0.0,Unknown Result,robeisy ramirez carrazana,tony yoka,,28.0,4.0,1.0,44%,Orthodox,38,5.9 ft (1.75 m),115.5 inches (293 cm),Unknown,tony yoka,0.0,0.0,0.0,0%,Unknown,30.0,Unknown,Unknown,Unknown,DRAW,DRAW
9 April 2016,Unknown,Charles Martin ,Anthony Joshua,80,80,46.8,64.6,74.0,75.0,74,32.0,28.38,46.88,0.0,0.0,239.9,236.51,Joshua won via KO in round 2,charles martin,anthony joshua,charles martin,28.0,2.0,1.0,75%,Southpaw,36,Unknown,Unknown,United States,anthony joshua,24.0,1.0,0.0,88%,Orthodox,32.0,6.50 ft (1.98 m),82.01 inches (208.3 cm),United Kingdom,LOSS,WON
27 August 2016,Unknown,Robert Guerrero ,David Emanuel Peralta,63,63,68.3,53.4,83.0,65.0,270,116.0,6.67,12.07,11.8,3.57,130.64,141.27,Peralta won via SD in round 12,robert guerrero,david emanuel peralta,robert guerrero,36.0,6.0,1.0,44.4%,Southpaw,39,5.68 ft (1.73 m),70.08 inches (178 cm),United States,,15.0,1.0,0.0,70%,Southpaw,25.0,5.9 ft (1.75 m),115.5 inches (293 cm),Unknown,LOSS,WON
10 September 2016,Unknown,Kell Brook ,Gennady Golovkin,75,75,63.9,65.8,79.0,83.0,179,153.0,13.97,20.92,0.0,0.0,149.14,159.66,Golovkin won via TKO in round 5,kell brook,gennady golovkin,kell brook,39.0,3.0,0.0,64.3%,Orthodox,36,5.74 ft (1.75 m),68.90 inches (175 cm),United Kingdom,gennady golovkin,41.0,1.0,1.0,83.7%,Orthodox,40.0,5.87 ft (1.79 m),70.08 inches (178 cm),Kazakhstan,LOSS,WON
1 October 2016,Unknown,Alexander Dimitrenko ,Joseph Parker,68,68,63.2,60.7,78.0,82.0,219,84.0,10.96,20.24,2.5,9.3,238.31,245.72,Parker won via KO in round 3,alexander dimitrenko,joseph parker,,17.0,0.0,2.0,79%,Orthodox,28,5.9 ft (1.75 m),115.5 inches (293 cm),Unknown,joseph parker,27.0,2.0,0.0,72.4%,Orthodox,30.0,6.33 ft (1.93 m),75.98 inches (193 cm),New Zealand,LOSS,WON
24 September 2016,Unknown,Jorge Linares ,Anthony Crolla,71,71,61.2,58.0,76.0,76.0,244,227.0,11.07,5.73,6.98,2.63,128.77,135.02,Linares won via UD in round 12,jorge linares,anthony crolla,jorge linares,46.0,5.0,0.0,56.9%,Orthodox,37,5.71 ft (1.74 m),69.29 inches (176 cm),"Venezuela, Bolivarian Republic of",anthony crolla,35.0,7.0,3.0,28.9%,Orthodox,35.0,5.71 ft (1.74 m),66.93 inches (170 cm),United Kingdom,WON,LOSS
15 October 2016,Unknown,Bj Flores ,Tony Bellew,67,67,59.4,65.4,82.0,83.0,178,197.0,11.24,8.63,9.8,3.33,206.07,182.99,Bellew won via TKO in round 3,bj flores,tony bellew,bj flores,32.0,4.0,1.0,54.1%,Orthodox,43,6.17 ft (1.88 m),79.92 inches (203 cm),United States,tony bellew,30.0,3.0,1.0,58.8%,Orthodox,39.0,6.27 ft (1.91 m),74.02 inches (188 cm),United Kingdom,LOSS,WON
17 September 2016,Unknown,Saul Alvarez ,Liam Smith,72,72,58.6,55.3,84.0,68.0,331,126.0,9.97,10.32,0.0,0.0,152.71,154.61,Alvarez won via KO in round 9,saul alvarez,liam smith,Saul Alvarez,54.0,1.0,2.0,63.2%,Orthodox,32,5.74 ft (1.75 m),70.47 inches (179 cm),Mexico,liam smith,29.0,2.0,1.0,50%,Orthodox,34.0,5.77 ft (1.76 m),Unknown,United Kingdom,WON,LOSS
19 November 2016,Unknown,Sergey Kovalev ,Andre Ward,81,81,57.8,63.0,77.0,81.0,114,218.0,22.81,6.88,0.0,0.0,175.0,166.41,Ward won via UD in round 12,sergey kovalev,andre ward,sergey kovalev,34.0,4.0,1.0,72.5%,Orthodox,39,6.00 ft (1.83 m),72.44 inches (184 cm),Russian Federation,andre ward,32.0,0.0,0.0,50%,Orthodox,38.0,6.00 ft (1.83 m),70.87 inches (180 cm),United States,LOSS,WON
10 December 2016,Unknown,Eric Molina ,Anthony Joshua,68,68,56.8,66.2,78.0,80.0,119,41.0,15.97,41.46,10.71,10.4,228.09,237.04,Joshua won via TKO in round 3,eric molina,anthony joshua,eric molina,27.0,6.0,0.0,57.6%,Orthodox,40,6.33 ft (1.93 m),77.95 inches (198 cm),United States,anthony joshua,24.0,1.0,0.0,88%,Orthodox,32.0,6.50 ft (1.98 m),82.01 inches (208.3 cm),United Kingdom,LOSS,WON
10 December 2016,Unknown,Andy Ruiz Jr ,Joseph Parker,72,72,54.3,61.5,78.0,82.0,116,87.0,16.38,20.69,0.0,0.0,248.4,246.11,Parker won via MD in round 12,andy ruiz jr,joseph parker,andy ruiz jr,33.0,2.0,0.0,62.9%,Orthodox,32,6.17 ft (1.88 m),74.02 inches (188 cm),Mexico,joseph parker,27.0,2.0,0.0,72.4%,Orthodox,30.0,6.33 ft (1.93 m),75.98 inches (193 cm),New Zealand,LOSS,WON
1 October 2016,Unknown,Juergen Braehmer ,Nathan Cleverly,74,74,65.6,59.9,78.0,77.0,281,205.0,12.1,7.32,21.3,3.13,170.75,173.79,Cleverly won via RTD in round 6,juergen braehmer,nathan cleverly,juergen braehmer,50.0,3.0,0.0,67.9%,Southpaw,43,5.94 ft (1.81 m),71.26 inches (181 cm),Germany,,24.0,4.0,2.0,44%,Southpaw,34.0,5.9 ft (1.75 m),115.5 inches (293 cm),Unknown,LOSS,WON
25 February 2017,Unknown,Deontay Wilder ,Gerald Washington,89,89,60.9,57.7,80.0,74.0,107,78.0,33.64,15.38,0.0,0.0,242.79,247.53,Wilder won via TKO in round 5,deontay wilder,gerald washington,deontay wilder,42.0,1.0,1.0,93.2%,Orthodox,36,6.56 ft (2.00 m),83.07 inches (211 cm),United States,gerald washington,20.0,4.0,1.0,52%,Orthodox,40.0,6.50 ft (1.98 m),81.89 inches (208 cm),United States,WON,LOSS
8 April 2017,Unknown,Daniel Dubois ,Marcus Kelly,0,0,0.0,0.0,0.0,0.0,0,0.0,0.0,0.0,0.0,0.0,0.0,0.0,Dubois won via TKO in round 1,daniel dubois,marcus kelly,daniel dubois,15.0,1.0,0.0,87.5%,Orthodox,25,6.36 ft (1.94 m),Unknown,United Kingdom,,13.0,4.0,0.0,53%,Southpaw,27.0,5.9 ft (1.75 m),115.5 inches (293 cm),Unknown,WON,LOSS
22 April 2017,Unknown,Daniel Dubois ,Blaise Mendouo,53,53,88.2,58.1,50.0,60.9,1,95.0,100.0,86.1,0.0,0.0,244.5,60.5,Dubois won via TKO in round 2,daniel dubois,blaise mendouo,daniel dubois,15.0,1.0,0.0,87.5%,Orthodox,25,6.36 ft (1.94 m),Unknown,United Kingdom,,30.0,4.0,0.0,78%,Orthodox,36.0,5.9 ft (1.75 m),115.5 inches (293 cm),Unknown,WON,LOSS
22 April 2017,Unknown,Tyrone Nurse ,Joe Hughes,50,50,53.8,48.4,67.0,53.0,226,116.0,3.1,5.17,0.0,0.0,142.21,141.99,Draw - 12 round SD decision,tyrone nurse,joe hughes,,27.0,0.0,0.0,52%,Southpaw,25,5.9 ft (1.75 m),115.5 inches (293 cm),Unknown,,27.0,2.0,0.0,40%,Southpaw,32.0,5.9 ft (1.75 m),115.5 inches (293 cm),Unknown,DRAW,DRAW
20 May 2017,Unknown,David Howe ,Daniel Dubois,56,56,47.9,61.4,42.0,53.0,44,176.0,57.3,75.0,31.25,39.6,225.11,233.25,Dubois won via KO in round 1,david howe,daniel dubois,,34.0,3.0,0.0,69%,Southpaw,38,5.9 ft (1.75 m),115.5 inches (293 cm),Unknown,daniel dubois,15.0,1.0,0.0,87.5%,Orthodox,25.0,6.36 ft (1.94 m),Unknown,United Kingdom,LOSS,WON
29 April 2017,Unknown,Wladimir Klitschko ,Anthony Joshua,77,77,72.5,66.9,85.0,81.0,358,124.0,14.8,40.91,4.41,13.0,234.93,237.06,Joshua won via TKO in round 11,wladimir klitschko,anthony joshua,wladimir klitschko,64.0,5.0,0.0,76.8%,Orthodox,46,6.50 ft (1.98 m),81.10 inches (206 cm),Ukraine,anthony joshua,24.0,1.0,0.0,88%,Orthodox,32.0,6.50 ft (1.98 m),82.01 inches (208.3 cm),United Kingdom,LOSS,WON
16 September 2017,Unknown,Aj Carter ,Daniel Dubois,68,68,39.7,27.8,45.0,60.0,18,7.0,22.22,71.43,14.29,39.6,216.79,230.38,Dubois won via TKO in round 1,aj carter,daniel dubois,,22.0,3.0,0.0,57%,Southpaw,30,5.9 ft (1.75 m),115.5 inches (293 cm),Unknown,daniel dubois,15.0,1.0,0.0,87.5%,Orthodox,25.0,6.36 ft (1.94 m),Unknown,United Kingdom,LOSS,WON
8 July 2017,Unknown,Mauricio Barragan ,Daniel Dubois,64,64,45.1,21.8,55.0,56.0,51,191.0,55.3,80.0,6.25,33.6,179.44,240.83,Dubois won via KO in round 2,mauricio barragan,daniel dubois,,22.0,1.0,0.0,62%,Orthodox,36,5.9 ft (1.75 m),115.5 inches (293 cm),Unknown,daniel dubois,15.0,1.0,0.0,87.5%,Orthodox,25.0,6.36 ft (1.94 m),Unknown,United Kingdom,LOSS,WON
26 August 2017,Unknown,Floyd Mayweather Jr ,Conor Mcgregor,67,67,69.0,80.1,86.0,84.6,387,97.0,6.72,73.5,0.0,0.0,136.76,91.6,Mayweather Jr won via TKO in round 10,floyd mayweather jr,conor mcgregor,floyd mayweather jr,50.0,0.0,0.0,52.9%,Orthodox,45,5.68 ft (1.73 m),72.05 inches (183 cm),United States,,21.0,3.0,0.0,52%,Orthodox,34.0,5.9 ft (1.75 m),115.5 inches (293 cm),Unknown,WON,LOSS
28 October 2017,Unknown,Carlos Takam ,Anthony Joshua,71,71,58.6,67.9,79.0,82.0,184,55.0,14.67,34.55,2.56,10.7,236.71,237.26,Joshua won via TKO in round 10,carlos takam,anthony joshua,carlos takam,38.0,5.0,1.0,63.6%,Orthodox,41,6.20 ft (1.89 m),Unknown,Cameroon,anthony joshua,24.0,1.0,0.0,88%,Orthodox,32.0,6.50 ft (1.98 m),82.01 inches (208.3 cm),United Kingdom,LOSS,WON
23 September 2017,Unknown,Jorge Linares ,Luke Campbell,70,70,61.9,58.6,76.0,69.0,268,96.0,10.07,14.58,6.67,22.3,128.77,135.31,Linares won via SD in round 12,jorge linares,luke campbell,jorge linares,46.0,5.0,0.0,56.9%,Orthodox,37,5.71 ft (1.74 m),69.29 inches (176 cm),"Venezuela, Bolivarian Republic of",luke campbell,20.0,3.0,0.0,66.7%,Southpaw,34.0,5.74 ft (1.75 m),70.87 inches (180 cm),United Kingdom,WON,LOSS
16 September 2017,Unknown,Saul Alvarez ,Gennady Golovkin,72,72,59.2,66.5,84.0,84.0,352,170.0,9.66,19.41,0.0,0.0,152.97,159.65,Draw - 12 round SD decision,saul alvarez,gennady golovkin,Saul Alvarez,54.0,1.0,2.0,63.2%,Orthodox,32,5.74 ft (1.75 m),70.47 inches (179 cm),Mexico,gennady golovkin,41.0,1.0,1.0,83.7%,Orthodox,40.0,5.87 ft (1.79 m),70.08 inches (178 cm),Kazakhstan,DRAW,DRAW
9 December 2017,Unknown,Dorian Darch ,Daniel Dubois,49,49,52.4,29.7,43.0,60.0,39,170.0,87.1,75.0,18.18,34.9,236.59,230.38,Dubois won via TKO in round 2,dorian darch,daniel dubois,,12.0,0.0,0.0,40%,Orthodox,34,5.9 ft (1.75 m),115.5 inches (293 cm),Unknown,daniel dubois,15.0,1.0,0.0,87.5%,Orthodox,25.0,6.36 ft (1.94 m),Unknown,United Kingdom,LOSS,WON
4 November 2017,Unknown,Adrian Granados ,Shawn Porter,61,61,52.7,62.4,78.0,80.0,145,183.0,8.28,9.29,0.0,0.0,141.39,152.53,Porter won via UD in round 12,adrian granados,shawn porter,adrian granados,20.0,8.0,2.0,45.2%,Orthodox,33,5.74 ft (1.75 m),74.02 inches (188 cm),Mexico,shawn porter,30.0,3.0,1.0,48.6%,Orthodox,34.0,5.58 ft (1.70 m),69.69 inches (177 cm),United States,LOSS,WON
18 November 2017,Unknown,Horacio Garcia ,Carl Frampton,66,66,48.2,60.3,74.0,77.0,195,152.0,12.31,9.21,0.0,0.0,122.48,121.85,Frampton won via UD in round 10,horacio garcia,carl frampton,,11.0,2.0,2.0,50%,Southpaw,32,5.9 ft (1.75 m),115.5 inches (293 cm),Unknown,carl frampton,27.0,2.0,0.0,50%,Orthodox,35.0,5.41 ft (1.65 m),61.81 inches (157 cm),United Kingdom,LOSS,WON
30 December 2017,Unknown,Yoan Boyeaux ,Naoya Inoue,65,65,47.8,62.4,77.0,72.0,162,88.0,12.35,13.64,0.0,0.0,119.97,109.2,Inoue won via TKO in round 3,yoan boyeaux,naoya inoue,,36.0,1.0,2.0,68%,Southpaw,27,5.9 ft (1.75 m),115.5 inches (293 cm),Unknown,naoya inoue,20.0,0.0,0.0,85%,Orthodox,29.0,5.35 ft (1.63 m),66.93 inches (170 cm),Japan,LOSS,WON
20 January 2018,Unknown,Lamont Peterson ,Errol Spence Jr,62,62,59.4,59.9,79.0,76.0,276,88.0,84.1,21.59,2.56,14.4,173.24,148.71,Spence Jr won via RTD in round 7,lamont peterson,errol spence jr,lamont peterson,35.0,5.0,1.0,41.5%,Orthodox,38,5.74 ft (1.75 m),72.05 inches (183 cm),United States,errol spence jr,26.0,0.0,0.0,77.8%,Orthodox,32.0,5.84 ft (1.78 m),72.05 inches (183 cm),United States,LOSS,WON
21 April 2018,Unknown,Nonito Donaire ,Carl Frampton,71,71,63.9,60.8,81.0,77.0,255,162.0,9.41,8.64,2.38,38.5,157.87,121.85,Frampton won via UD in round 12,nonito donaire,carl frampton,nonito donaire,40.0,6.0,0.0,54.2%,Orthodox,39,5.45 ft (1.66 m),68.11 inches (173 cm),Philippines,carl frampton,27.0,2.0,0.0,50%,Orthodox,35.0,5.41 ft (1.65 m),61.81 inches (157 cm),United Kingdom,LOSS,WON
31 March 2018,Unknown,David Price ,Alexander Povetkin,74,74,64.8,72.4,71.0,81.0,77,219.0,22.08,10.5,16.67,30.2,246.75,235.57,Povetkin won via KO in round 5,david price,alexander povetkin,david price,23.0,7.0,0.0,63.3%,Orthodox,39,6.66 ft (2.03 m),81.89 inches (208 cm),United Kingdom,alexander povetkin,36.0,2.0,1.0,62.5%,Orthodox,42.0,6.17 ft (1.88 m),75.20 inches (191 cm),Russian Federation,LOSS,WON
3 March 2018,Unknown,Luis Ortiz ,Deontay Wilder,75,75,63.9,61.9,79.0,81.0,122,113.0,19.67,33.63,0.0,0.0,237.75,243.1,Wilder won via TKO in round 10,luis ortiz,deontay wilder,luis ortiz,31.0,2.0,0.0,72.2%,Orthodox,43,6.33 ft (1.93 m),83.86 inches (213 cm),Cuba,deontay wilder,42.0,1.0,1.0,93.2%,Orthodox,36.0,6.56 ft (2.00 m),83.07 inches (211 cm),United States,LOSS,WON
31 March 2018,Unknown,Joseph Parker ,Anthony Joshua,78,78,63.0,68.6,82.0,82.0,123,65.0,14.63,30.77,0.0,0.0,247.77,237.26,Joshua won via UD in round 12,joseph parker,anthony joshua,joseph parker,27.0,2.0,0.0,72.4%,Orthodox,30,6.33 ft (1.93 m),75.98 inches (193 cm),New Zealand,anthony joshua,24.0,1.0,0.0,88%,Orthodox,32.0,6.50 ft (1.98 m),82.01 inches (208.3 cm),United Kingdom,LOSS,WON
5 May 2018,Unknown,Troy James ,Luke Campbell,54,54,54.5,59.6,58.0,71.0,109,108.0,4.59,12.96,4.76,27.1,132.74,135.24,Campbell won via TKO in round 5,troy james,luke campbell,,21.0,2.0,0.0,61%,Orthodox,26,5.9 ft (1.75 m),115.5 inches (293 cm),Unknown,luke campbell,20.0,3.0,0.0,66.7%,Southpaw,34.0,5.74 ft (1.75 m),70.87 inches (180 cm),United Kingdom,LOSS,WON
5 May 2018,Unknown,Vanes Martirosyan ,Gennady Golovkin,67,67,62.9,67.0,79.0,84.0,224,182.0,9.38,18.13,0.0,0.0,164.37,159.66,Golovkin won via KO in round 2,vanes martirosyan,gennady golovkin,vanes martirosyan,36.0,4.0,1.0,51.2%,Orthodox,36,6.00 ft (1.83 m),72.83 inches (185 cm),United States,gennady golovkin,41.0,1.0,1.0,83.7%,Orthodox,40.0,5.87 ft (1.79 m),70.08 inches (178 cm),Kazakhstan,LOSS,WON
12 May 2018,Unknown,Jorge Linares ,Vasyl Lomachenko,69,69,62.5,73.4,77.0,78.0,292,93.0,9.25,8.6,6.38,8.1,128.89,127.11,Lomachenko won via TKO in round 10,jorge linares,vasyl lomachenko,jorge linares,46.0,5.0,0.0,56.9%,Orthodox,37,5.71 ft (1.74 m),69.29 inches (176 cm),"Venezuela, Bolivarian Republic of",vasyl lomachenko,14.0,2.0,0.0,62.5%,Southpaw,34.0,5.51 ft (1.68 m),65.35 inches (166 cm),Ukraine,LOSS,WON
19 May 2018,Unknown,Lee Selby ,Josh Warrington,60,60,60.4,57.6,71.0,70.0,207,193.0,4.35,3.11,0.0,0.0,128.39,127.08,Warrington won via SD in round 12,lee selby,josh warrington,lee selby,28.0,3.0,0.0,26.5%,Orthodox,35,5.71 ft (1.74 m),68.90 inches (175 cm),United Kingdom,josh warrington,30.0,0.0,0.0,23.3%,Orthodox,31.0,5.58 ft (1.70 m),Unknown,United Kingdom,LOSS,WON
25 May 2018,Unknown,Jamie Mcdonnell ,Naoya Inoue,60,60,58.5,63.3,77.0,73.0,245,91.0,5.31,14.29,0.0,0.0,123.22,109.2,Inoue won via TKO in round 1,jamie mcdonnell,naoya inoue,jamie mcdonnell,30.0,3.0,1.0,37.1%,Orthodox,36,5.68 ft (1.73 m),Unknown,United Kingdom,naoya inoue,20.0,0.0,0.0,85%,Orthodox,29.0,5.35 ft (1.63 m),66.93 inches (170 cm),Japan,LOSS,WON
9 June 2018,Unknown,Sefer Seferi ,Tyson Fury,68,68,43.3,65.6,61.0,79.0,69,146.0,26.09,12.33,0.0,0.0,197.91,248.92,Fury won via RTD in round 4,sefer seferi,tyson fury,,35.0,0.0,0.0,51%,Orthodox,28,5.9 ft (1.75 m),115.5 inches (293 cm),Unknown,tyson fury,30.0,0.0,1.0,65.6%,Orthodox,34.0,6.76 ft (2.06 m),85.04 inches (216 cm),United Kingdom,LOSS,WON
16 June 2018,Unknown,Errol Spence Jr ,Carlos Ocampo,82,82,60.8,51.4,76.0,79.0,95,120.0,21.05,10.83,0.0,0.0,148.6,143.08,Spence Jr won via KO in round 1,errol spence jr,carlos ocampo,errol spence jr,26.0,0.0,0.0,77.8%,Orthodox,32,5.84 ft (1.78 m),72.05 inches (183 cm),United States,,10.0,1.0,2.0,50%,Southpaw,38.0,5.9 ft (1.75 m),115.5 inches (293 cm),Unknown,WON,LOSS
8 September 2018,Unknown,Danny Garcia ,Shawn Porter,70,70,64.6,62.9,81.0,80.0,227,195.0,8.81,8.72,0.0,0.0,141.8,152.53,Porter won via UD in round 12,danny garcia,shawn porter,danny garcia,36.0,2.0,0.0,53.8%,Orthodox,34,5.71 ft (1.74 m),68.50 inches (174 cm),United States,shawn porter,30.0,3.0,1.0,48.6%,Orthodox,34.0,5.58 ft (1.70 m),69.69 inches (177 cm),United States,LOSS,WON
28 July 2018,Unknown,Dillian Whyte ,Joseph Parker,71,71,60.4,63.8,77.0,85.0,110,135.0,15.45,13.33,4.17,18.8,228.91,247.77,Whyte won via UD in round 12,dillian whyte,joseph parker,dillian whyte,27.0,2.0,0.0,58.1%,Orthodox,34,Unknown,Unknown,United Kingdom,joseph parker,27.0,2.0,0.0,72.4%,Orthodox,30.0,6.33 ft (1.93 m),75.98 inches (193 cm),New Zealand,WON,LOSS
18 August 2018,Unknown,Carl Frampton ,Luke Jackson,70,70,61.6,36.9,77.0,54.0,174,209.0,8.05,17.39,0.0,0.0,121.85,128.95,Frampton won via TKO in round 9,carl frampton,luke jackson,carl frampton,27.0,2.0,0.0,50%,Orthodox,35,5.41 ft (1.65 m),61.81 inches (157 cm),United Kingdom,luke jackson,7.0,1.0,0.0,50%,Orthodox,37.0,5.54 ft (1.69 m),Unknown,Australia,WON,LOSS
22 September 2018,Unknown,Alexander Povetkin ,Anthony Joshua,75,75,72.3,69.4,81.0,83.0,224,77.0,10.71,25.97,0.0,0.0,235.57,237.26,Joshua won via TKO in round 7,alexander povetkin,anthony joshua,alexander povetkin,36.0,2.0,1.0,62.5%,Orthodox,42,6.17 ft (1.88 m),75.20 inches (191 cm),Russian Federation,anthony joshua,24.0,1.0,0.0,88%,Orthodox,32.0,6.50 ft (1.98 m),82.01 inches (208.3 cm),United Kingdom,LOSS,WON
15 September 2018,Unknown,Saul Alvarez ,Gennady Golovkin,72,72,59.7,67.3,85.0,84.0,364,184.0,9.34,18.48,0.0,0.0,153.13,159.66,Alvarez won via MD in round 12,saul alvarez,gennady golovkin,Saul Alvarez,54.0,1.0,2.0,63.2%,Orthodox,32,5.74 ft (1.75 m),70.47 inches (179 cm),Mexico,gennady golovkin,41.0,1.0,1.0,83.7%,Orthodox,40.0,5.87 ft (1.79 m),70.08 inches (178 cm),Kazakhstan,WON,LOSS
22 September 2018,Unknown,Yvan Mendy ,Luke Campbell,60,60,54.1,59.6,66.0,71.0,296,113.0,6.42,13.27,0.0,0.0,139.83,135.24,Campbell won via UD in round 12,yvan mendy,luke campbell,yvan mendy,43.0,5.0,1.0,42%,Orthodox,37,Unknown,Unknown,France,luke campbell,20.0,3.0,0.0,66.7%,Southpaw,34.0,5.74 ft (1.75 m),70.87 inches (180 cm),United Kingdom,LOSS,WON
7 October 2018,Unknown,Juan Carlos Payano ,Naoya Inoue,60,60,53.1,64.3,73.0,73.0,137,92.0,6.57,15.22,0.0,0.0,119.18,109.2,Inoue won via KO in round 1,juan carlos payano,naoya inoue,juan carlos payano,21.0,3.0,0.0,37.5%,Southpaw,38,5.41 ft (1.65 m),64.57 inches (164 cm),Dominican Republic,naoya inoue,20.0,0.0,0.0,85%,Orthodox,29.0,5.35 ft (1.63 m),66.93 inches (170 cm),Japan,LOSS,WON
27 October 2018,Unknown,Tony Dixon ,Kieran Gething,53,53,49.9,53.5,44.0,53.0,32,38.0,3.13,5.26,14.29,26.1,151.06,77.5,Dixon won via PTS in round 10,tony dixon,kieran gething,,39.0,0.0,0.0,57%,Southpaw,27,5.9 ft (1.75 m),115.5 inches (293 cm),Unknown,,16.0,2.0,1.0,36%,Orthodox,38.0,5.9 ft (1.75 m),115.5 inches (293 cm),Unknown,WON,LOSS
1 December 2018,Unknown,Deontay Wilder ,Tyson Fury,89,89,62.4,65.9,82.0,82.0,123,160.0,31.71,11.88,0.0,0.0,243.1,248.92,Draw - 12 round SD decision,deontay wilder,tyson fury,deontay wilder,42.0,1.0,1.0,93.2%,Orthodox,36,6.56 ft (2.00 m),83.07 inches (211 cm),United States,tyson fury,30.0,0.0,1.0,65.6%,Orthodox,34.0,6.76 ft (2.06 m),85.04 inches (216 cm),United Kingdom,DRAW,DRAW
22 December 2018,Unknown,David Price ,Tom Little,73,73,65.9,55.3,68.0,55.0,86,45.0,19.77,85.5,23.08,25.0,246.75,224.25,Price won via TKO in round 4,david price,tom little,david price,23.0,7.0,0.0,63.3%,Orthodox,39,6.66 ft (2.03 m),81.89 inches (208 cm),United Kingdom,,23.0,4.0,0.0,48%,Orthodox,28.0,5.9 ft (1.75 m),115.5 inches (293 cm),Unknown,WON,LOSS
15 December 2018,Unknown,Saul Alvarez ,Rocky Fielding,72,72,60.2,58.5,85.0,73.0,376,129.0,9.04,11.63,16.7,3.57,153.27,169.47,Alvarez won via TKO in round 3,saul alvarez,rocky fielding,Saul Alvarez,54.0,1.0,2.0,63.2%,Orthodox,32,5.74 ft (1.75 m),70.47 inches (179 cm),Mexico,rocky fielding,28.0,2.0,0.0,53.3%,Orthodox,35.0,Unknown,Unknown,United Kingdom,WON,LOSS
19 January 2019,Unknown,Manny Pacquiao ,Adrien Broner,71,71,66.3,58.0,79.0,82.0,462,223.0,8.44,10.76,4.35,19.4,123.9,134.88,Pacquiao won via UD in round 12,manny pacquiao,adrien broner,manny pacquiao,62.0,7.0,2.0,54.9%,Southpaw,43,5.54 ft (1.69 m),66.93 inches (170 cm),Philippines,adrien broner,33.0,4.0,1.0,61.5%,Orthodox,33.0,5.51 ft (1.68 m),68.90 inches (175 cm),United States,WON,LOSS
22 December 2018,Unknown,Josh Warrington ,Carl Frampton,53,53,58.1,61.3,70.0,77.0,205,183.0,2.93,8.2,0.0,0.0,127.08,121.85,Warrington won via UD in round 12,josh warrington,carl frampton,josh warrington,30.0,0.0,0.0,23.3%,Orthodox,31,5.58 ft (1.70 m),Unknown,United Kingdom,carl frampton,27.0,2.0,0.0,50%,Orthodox,35.0,5.41 ft (1.65 m),61.81 inches (157 cm),United Kingdom,WON,LOSS
2 February 2019,Unknown,Henry Janes ,Kieran Gething,48,48,48.8,52.6,46.0,53.0,121,48.0,82.2,4.17,23.08,19.4,247.35,63.2,Gething won via PTS in round 10,henry janes,kieran gething,,29.0,4.0,2.0,52%,Orthodox,32,5.9 ft (1.75 m),115.5 inches (293 cm),Unknown,,17.0,2.0,2.0,79%,Orthodox,31.0,5.9 ft (1.75 m),115.5 inches (293 cm),Unknown,LOSS,WON
23 February 2019,Unknown,James Degale ,Chris Eubank Jr,69,69,66.8,60.9,78.0,76.0,198,172.0,7.58,12.21,0.0,0.0,168.17,161.7,Eubank Jr won via UD in round 12,james degale,chris eubank jr,,22.0,3.0,1.0,40%,Orthodox,38,5.9 ft (1.75 m),115.5 inches (293 cm),Unknown,chris eubank jr,29.0,2.0,0.0,71%,Orthodox,32.0,5.91 ft (1.80 m),72.44 inches (184 cm),United Kingdom,LOSS,WON
8 March 2019,Unknown,Razvan Cojanu ,Daniel Dubois,59,59,49.5,39.4,68.0,63.0,93,28.0,9.68,32.14,9.52,12.3,242.75,230.38,Dubois won via KO in round 2,razvan cojanu,daniel dubois,,26.0,2.0,0.0,78%,Southpaw,37,5.9 ft (1.75 m),115.5 inches (293 cm),Unknown,daniel dubois,15.0,1.0,0.0,87.5%,Orthodox,25.0,6.36 ft (1.94 m),Unknown,United Kingdom,LOSS,WON
9 March 2019,Unknown,Yordenis Ugas ,Shawn Porter,63,63,57.3,63.5,73.0,80.0,153,207.0,7.19,8.21,0.0,0.0,144.06,152.53,Porter won via SD in round 12,yordenis ugas,shawn porter,yordenis ugas,25.0,4.0,0.0,41.4%,Orthodox,36,5.74 ft (1.75 m),68.90 inches (175 cm),Cuba,shawn porter,30.0,3.0,1.0,48.6%,Orthodox,34.0,5.58 ft (1.70 m),69.69 inches (177 cm),United States,LOSS,WON
15 March 2019,Unknown,Adrian Young ,Luke Campbell,63,63,39.8,60.0,70.0,71.0,93,125.0,16.13,12.0,0.0,0.0,124.01,135.24,Campbell won via TKO in round 5,adrian young,luke campbell,,17.0,3.0,0.0,71%,Southpaw,25,5.9 ft (1.75 m),115.5 inches (293 cm),Unknown,luke campbell,20.0,3.0,0.0,66.7%,Southpaw,34.0,5.74 ft (1.75 m),70.87 inches (180 cm),United Kingdom,LOSS,WON
16 March 2019,Unknown,J'leon Love ,David Benavidez,63,63,56.6,40.0,75.0,78.0,166,77.0,7.83,23.38,3.57,16.3,163.3,181.05,Benavidez won via KO in round 2,j'leon love,david benavidez,j'leon love,24.0,3.0,1.0,44.8%,Orthodox,34,5.84 ft (1.78 m),Unknown,United States,david benavidez,23.0,0.0,0.0,87%,Orthodox,25.0,Unknown,Unknown,United States,LOSS,WON
16 March 2019,Unknown,Mikey Garcia ,Errol Spence Jr,75,75,63.5,61.5,79.0,76.0,214,96.0,14.02,21.88,0.0,0.0,127.69,148.6,Spence Jr won via UD in round 12,mikey garcia,errol spence jr,mikey garcia,40.0,1.0,0.0,73.2%,Orthodox,34,5.51 ft (1.68 m),68.11 inches (173 cm),United States,errol spence jr,26.0,0.0,0.0,77.8%,Orthodox,32.0,5.84 ft (1.78 m),72.05 inches (183 cm),United States,LOSS,WON
30 March 2019,Unknown,Kash Ali ,David Price,51,51,47.9,65.6,51.0,69.0,26,90.0,66.7,20.0,4.8,22.22,220.04,246.75,Price won via DQ in round 5,kash ali,david price,,26.0,1.0,2.0,53%,Southpaw,37,5.9 ft (1.75 m),115.5 inches (293 cm),Unknown,david price,23.0,7.0,0.0,63.3%,Orthodox,39.0,6.66 ft (2.03 m),81.89 inches (208 cm),United Kingdom,LOSS,WON
30 March 2019,Unknown,Robbie Davies Jnr ,Joe Hughes,71,71,56.1,51.0,59.0,59.0,101,158.0,11.88,4.43,5.56,6.7,143.59,141.86,Davies Jnr won via UD in round 12,robbie davies jnr,joe hughes,,18.0,1.0,0.0,64%,Orthodox,34,5.9 ft (1.75 m),115.5 inches (293 cm),Unknown,,32.0,1.0,2.0,84%,Southpaw,37.0,5.9 ft (1.75 m),115.5 inches (293 cm),Unknown,WON,LOSS
30 March 2019,Unknown,Anthony Fowler ,Scott Fitzgerald,80,80,41.3,41.7,58.0,60.0,35,49.0,25.71,18.37,0.0,0.0,157.3,89.7,Fitzgerald won via SD in round 10,anthony fowler,scott fitzgerald,anthony fowler,14.0,1.0,0.0,73.3%,Orthodox,31,5.91 ft (1.80 m),Unknown,United Kingdom,Scott Fitzgerald,14.0,0.0,0.0,64.3%,Orthodox,30.0,Unknown,Unknown,United Kingdom,LOSS,WON
20 April 2019,Unknown,Alexander Dimitrenko ,Andy Ruiz Jr,67,67,63.4,56.1,78.0,81.0,244,139.0,10.66,14.39,6.67,9.7,238.37,248.34,Ruiz Jr won via RTD in round 5,alexander dimitrenko,andy ruiz jr,,33.0,1.0,0.0,55%,Orthodox,30,5.9 ft (1.75 m),115.5 inches (293 cm),Unknown,andy ruiz jr,33.0,2.0,0.0,62.9%,Orthodox,32.0,6.17 ft (1.88 m),74.02 inches (188 cm),Mexico,LOSS,WON
4 May 2019,Unknown,Daniel Jacobs ,Saul Alvarez,79,79,61.4,60.4,79.0,85.0,157,379.0,18.47,9.23,2.7,20.0,162.08,153.27,Alvarez won via UD in round 12,daniel jacobs,saul alvarez,daniel jacobs,36.0,3.0,0.0,75%,Orthodox,35,6.07 ft (1.85 m),72.83 inches (185 cm),United States,Saul Alvarez,54.0,1.0,2.0,63.2%,Orthodox,32.0,5.74 ft (1.75 m),70.47 inches (179 cm),Mexico,LOSS,WON
18 May 2019,Unknown,Deontay Wilder ,Dominic Breazeale,88,88,63.0,57.3,82.0,81.0,135,86.0,28.89,20.93,19.0,4.76,243.43,237.83,Wilder won via KO in round 1,deontay wilder,dominic breazeale,deontay wilder,42.0,1.0,1.0,93.2%,Orthodox,36,6.56 ft (2.00 m),83.07 inches (211 cm),United States,dominic breazeale,20.0,2.0,0.0,81.8%,Orthodox,36.0,6.53 ft (1.99 m),81.10 inches (206 cm),United States,WON,LOSS
1 June 2019,Unknown,Craig Woodruff ,Kieran Gething,48,48,50.1,51.8,50.0,53.0,60,64.0,3.33,3.13,9.09,31.9,135.17,93.8,Gething won via PTS in round 10,craig woodruff,kieran gething,,26.0,0.0,0.0,65%,Southpaw,29,5.9 ft (1.75 m),115.5 inches (293 cm),Unknown,,36.0,3.0,2.0,53%,Orthodox,38.0,5.9 ft (1.75 m),115.5 inches (293 cm),Unknown,LOSS,WON
1 June 2019,Unknown,Andy Ruiz Jr ,Anthony Joshua,71,71,56.7,69.9,81.0,83.0,144,84.0,14.58,25.0,0.0,0.0,248.34,237.26,Ruiz Jr won via TKO in round 7,andy ruiz jr,anthony joshua,andy ruiz jr,33.0,2.0,0.0,62.9%,Orthodox,32,6.17 ft (1.88 m),74.02 inches (188 cm),Mexico,anthony joshua,24.0,1.0,0.0,88%,Orthodox,32.0,6.50 ft (1.98 m),82.01 inches (208.3 cm),United Kingdom,WON,LOSS
15 June 2019,Unknown,Tyson Fury ,Tom Schwarz,71,71,66.5,47.7,86.0,69.0,172,89.0,11.05,17.98,0.0,0.0,247.5,232.91,Fury won via TKO in round 2,tyson fury,tom schwarz,tyson fury,30.0,0.0,1.0,65.6%,Orthodox,34,6.76 ft (2.06 m),85.04 inches (216 cm),United Kingdom,tom schwarz,26.0,1.0,0.0,66.7%,Orthodox,28.0,6.46 ft (1.97 m),Unknown,Germany,WON,LOSS
21 June 2019,Unknown,Ted Cheesman ,Kieron Conway,67,67,50.7,53.0,64.0,51.0,91,40.0,9.89,5.0,0.0,0.0,0.0,0.0,Draw - 12 round SD decision,ted cheesman,kieron conway,ted cheesman,16.0,2.0,1.0,47.4%,Orthodox,Unknown,Unknown,Unknown,United Kingdom,,21.0,1.0,0.0,70%,Southpaw,34.0,5.9 ft (1.75 m),115.5 inches (293 cm),Unknown,DRAW,DRAW
20 July 2019,Unknown,Dillian Whyte ,Oscar Rivas,71,71,62.0,61.7,78.0,83.0,133,107.0,13.53,16.82,3.85,38.1,228.91,235.7,Whyte won via UD in round 12,dillian whyte,oscar rivas,dillian whyte,27.0,2.0,0.0,58.1%,Orthodox,34,Unknown,Unknown,United Kingdom,oscar rivas,26.0,1.0,0.0,66.7%,Orthodox,35.0,6.07 ft (1.85 m),Unknown,Colombia,WON,LOSS
15 June 2019,Unknown,Kid Galahad ,Josh Warrington,67,67,55.3,58.8,69.0,71.0,151,217.0,9.93,81.3,0.0,0.0,126.72,127.08,Warrington won via SD in round 12,kid galahad,josh warrington,kid galahad,27.0,1.0,0.0,57.1%,Orthodox,32,5.54 ft (1.69 m),Unknown,United Kingdom,josh warrington,30.0,0.0,0.0,23.3%,Orthodox,31.0,5.58 ft (1.70 m),Unknown,United Kingdom,LOSS,WON
17 August 2019,Unknown,Vincent Feigenbutz ,Cesar Nunez,78,78,51.3,39.6,74.0,53.0,130,77.0,20.77,7.79,6.25,24.6,166.64,91.1,Feigenbutz won via TKO in round 8,vincent feigenbutz,cesar nunez,vincent feigenbutz,32.0,3.0,0.0,80%,Orthodox,26,5.87 ft (1.79 m),Unknown,Germany,,11.0,0.0,0.0,43%,Orthodox,36.0,5.9 ft (1.75 m),115.5 inches (293 cm),Unknown,WON,LOSS
24 August 2019,Unknown,Sergey Kovalev ,Anthony Yarde,78,78,61.1,46.2,74.0,67.0,162,51.0,17.28,33.33,5.41,13.3,174.99,179.95,Kovalev won via TKO in round 11,sergey kovalev,anthony yarde,sergey kovalev,34.0,4.0,1.0,72.5%,Orthodox,39,6.00 ft (1.83 m),72.44 inches (184 cm),Russian Federation,anthony yarde,19.0,1.0,0.0,90%,Orthodox,31.0,6.00 ft (1.83 m),Unknown,United Kingdom,WON,LOSS
23 November 2019,Unknown,Luis Ortiz ,Deontay Wilder,74,74,65.4,63.5,83.0,82.0,154,136.0,16.88,29.41,2.86,35.6,237.75,243.43,Wilder won via KO in round 7,luis ortiz,deontay wilder,luis ortiz,31.0,2.0,0.0,72.2%,Orthodox,43,6.33 ft (1.93 m),83.86 inches (213 cm),Cuba,deontay wilder,42.0,1.0,1.0,93.2%,Orthodox,36.0,6.56 ft (2.00 m),83.07 inches (211 cm),United States,LOSS,WON
30 November 2019,Unknown,Carl Frampton ,Tyler Mccreary,69,69,61.6,37.6,77.0,66.0,195,77.0,7.69,9.09,0.0,0.0,121.85,132.1,Frampton won via UD in round 10,carl frampton,tyler mccreary,carl frampton,27.0,2.0,0.0,50%,Orthodox,35,5.41 ft (1.65 m),61.81 inches (157 cm),United Kingdom,,39.0,1.0,1.0,73%,Southpaw,29.0,5.9 ft (1.75 m),115.5 inches (293 cm),Unknown,WON,LOSS
23 November 2019,Unknown,Callum Smith ,John Ryder,77,77,63.6,56.9,74.0,75.0,122,190.0,15.57,8.42,35.1,3.13,168.72,162.74,Smith won via UD in round 12,callum smith,john ryder,callum smith,27.0,1.0,0.0,67.9%,Orthodox,32,6.27 ft (1.91 m),Unknown,United Kingdom,john ryder,28.0,5.0,0.0,48.5%,Orthodox,34.0,5.74 ft (1.75 m),Unknown,United Kingdom,WON,LOSS
7 December 2019,Unknown,Matt Korobov ,Chris Eubank Jr,63,63,60.5,61.5,78.0,76.0,176,184.0,7.95,11.41,3.23,25.7,161.15,161.7,Eubank Jr won via TKO in round 2,matt korobov,chris eubank jr,matt korobov,28.0,3.0,1.0,43.8%,Southpaw,39,5.91 ft (1.80 m),70.47 inches (179 cm),Russian Federation,chris eubank jr,29.0,2.0,0.0,71%,Orthodox,32.0,5.91 ft (1.80 m),72.44 inches (184 cm),United Kingdom,LOSS,WON
7 December 2019,Unknown,Jermall Charlo ,Dennis Hogan,74,74,60.3,56.2,74.0,76.0,140,226.0,15.0,80.7,0.0,0.0,152.84,158.69,Charlo won via TKO in round 7,jermall charlo,dennis hogan,jermall charlo,30.0,0.0,0.0,73.3%,Orthodox,32,6.00 ft (1.83 m),73.62 inches (187 cm),United States,dennis hogan,28.0,3.0,1.0,21.9%,Orthodox,37.0,5.68 ft (1.73 m),71.65 inches (182 cm),Australia,WON,LOSS
7 December 2019,Unknown,Andy Ruiz Jr ,Anthony Joshua,72,72,57.4,70.5,83.0,81.0,151,91.0,14.57,23.08,26.3,4.35,248.34,237.26,Joshua won via UD in round 12,andy ruiz jr,anthony joshua,andy ruiz jr,33.0,2.0,0.0,62.9%,Orthodox,32,6.17 ft (1.88 m),74.02 inches (188 cm),Mexico,anthony joshua,24.0,1.0,0.0,88%,Orthodox,32.0,6.50 ft (1.98 m),82.01 inches (208.3 cm),United Kingdom,LOSS,WON
21 December 2019,Unknown,Kyotaro Fujimoto ,Daniel Dubois,67,67,52.1,44.4,67.0,69.0,135,40.0,56.1,32.5,4.76,5.3,232.59,230.38,Dubois won via KO in round 2,kyotaro fujimoto,daniel dubois,,10.0,4.0,0.0,79%,Southpaw,27,5.9 ft (1.75 m),115.5 inches (293 cm),Unknown,daniel dubois,15.0,1.0,0.0,87.5%,Orthodox,25.0,6.36 ft (1.94 m),Unknown,United Kingdom,LOSS,WON
12 December 2019,Unknown,Joe Hughes ,Sandor Martin,57,57,51.4,55.8,63.0,71.0,170,222.0,4.12,5.86,0.0,0.0,141.86,139.6,Martin won via UD in round 12,joe hughes,sandor martin,,21.0,3.0,0.0,37%,Orthodox,25,5.9 ft (1.75 m),115.5 inches (293 cm),Unknown,,24.0,2.0,0.0,74%,Orthodox,35.0,5.9 ft (1.75 m),115.5 inches (293 cm),Unknown,LOSS,WON
14 February 2020,Unknown,Francisco Fonseca ,Ryan Garcia,64,64,43.5,42.9,57.0,76.0,48,59.0,10.42,27.12,10.0,31.8,131.05,91.6,Garcia won via KO in round 1,francisco fonseca,ryan garcia,,31.0,1.0,2.0,45%,Southpaw,35,5.9 ft (1.75 m),115.5 inches (293 cm),Unknown,Ryan Garcia,20.0,0.0,0.0,81%,Orthodox,24.0,Unknown,Unknown,Unknown,LOSS,WON
29 February 2020,Unknown,Jessie Vargas ,Mikey Garcia,61,61,67.4,63.8,78.0,81.0,241,226.0,4.56,13.27,0.0,0.0,143.19,128.21,Garcia won via UD in round 12,jessie vargas,mikey garcia,jessie vargas,29.0,3.0,2.0,32.4%,Orthodox,33,5.84 ft (1.78 m),70.87 inches (180 cm),United States,mikey garcia,40.0,1.0,0.0,73.2%,Orthodox,34.0,5.51 ft (1.68 m),68.11 inches (173 cm),United States,LOSS,WON
7 March 2020,Unknown,Theophilus Tetteh ,Anthony Fowler,56,56,41.7,45.7,67.0,60.0,147,65.0,6.12,13.85,8.0,34.4,154.88,155.9,Fowler won via TKO in round 1,theophilus tetteh,anthony fowler,,20.0,0.0,0.0,77%,Orthodox,37,5.9 ft (1.75 m),115.5 inches (293 cm),Unknown,anthony fowler,14.0,1.0,0.0,73.3%,Orthodox,31.0,5.91 ft (1.80 m),Unknown,United Kingdom,LOSS,WON
22 February 2020,Unknown,Deontay Wilder ,Tyson Fury,88,88,63.9,66.9,83.0,86.0,143,186.0,28.67,10.75,0.0,0.0,242.4,247.5,Fury won via TKO in round 7,deontay wilder,tyson fury,deontay wilder,42.0,1.0,1.0,93.2%,Orthodox,36,6.56 ft (2.00 m),83.07 inches (211 cm),United States,tyson fury,30.0,0.0,1.0,65.6%,Orthodox,34.0,6.76 ft (2.06 m),85.04 inches (216 cm),United Kingdom,LOSS,WON
7 March 2020,Unknown,Scott Quigg ,Jono Carroll,75,75,63.4,52.2,76.0,63.0,200,122.0,13.0,57.8,0.0,0.0,124.8,133.43,Carroll won via TKO in round 11,scott quigg,jono carroll,scott quigg,35.0,3.0,2.0,65%,Orthodox,33,5.68 ft (1.73 m),Unknown,United Kingdom,jono carroll,18.0,1.0,1.0,19%,Orthodox,30.0,5.58 ft (1.70 m),Unknown,Ireland,LOSS,WON
29 August 2020,Unknown,Joe Hughes ,Sam Maxwell,57,57,52.3,74.8,65.0,68.6,182,101.0,3.85,76.9,0.0,0.0,141.86,100.0,Maxwell won via UD in round 10,joe hughes,sam maxwell,,29.0,4.0,2.0,74%,Southpaw,38,5.9 ft (1.75 m),115.5 inches (293 cm),Unknown,,29.0,0.0,0.0,47%,Orthodox,37.0,5.9 ft (1.75 m),115.5 inches (293 cm),Unknown,LOSS,WON
17 October 2020,Unknown,Vasyl Lomachenko ,Teofimo Lopez,71,71,73.9,58.1,78.0,76.0,131,58.0,7.63,18.97,0.0,0.0,127.11,139.6,Lopez won via UD in round 12,vasyl lomachenko,teofimo lopez,vasyl lomachenko,14.0,2.0,0.0,62.5%,Southpaw,34,5.51 ft (1.68 m),65.35 inches (166 cm),Ukraine,Teofimo Lopez,15.0,0.0,0.0,68.8%,Unknown,25.0,5.68 ft (1.73 m),68.50 inches (174 cm),Unknown,LOSS,WON
